{"cameraMode":{"drawMode":0,"name":"Shaded","section":"Shading Mode"},"sceneLighting":true,"audioPlay":false,"sceneViewState":{"showFog":false,"showMaterialUpdate":false,"showSkybox":false,"showFlares":false,"showImageEffects":false,"showParticleSystems":true},"in2DMode":false,"pivot":{"x":71.37509155273438,"y":4.305397033691406,"z":17.511215209960939},"rotation":{"x":-0.14431561529636384,"y":0.11460749059915543,"z":-0.016830213367938997,"w":-0.9827297329902649},"size":272.65545654296877,"orthographic":false}