{"cameraMode":{"drawMode":0,"name":"Shaded","section":"Shading Mode"},"sceneLighting":true,"audioPlay":false,"sceneViewState":{"showFog":true,"showMaterialUpdate":false,"showSkybox":true,"showFlares":true,"showImageEffects":true,"showParticleSystems":true},"in2DMode":false,"pivot":{"x":185.9066619873047,"y":281.1391906738281,"z":6.38427734375},"rotation":{"x":-0.004803399555385113,"y":0.050076454877853397,"z":-0.00024102999304886907,"w":-0.9987379312515259},"size":960.5205688476563,"orthographic":true}