{"cameraMode":{"drawMode":0,"name":"Shaded","section":"Shading Mode"},"sceneLighting":true,"audioPlay":false,"sceneViewState":{"showFog":true,"showMaterialUpdate":false,"showSkybox":true,"showFlares":true,"showImageEffects":true,"showParticleSystems":true},"in2DMode":false,"pivot":{"x":911.1426391601563,"y":454.8730773925781,"z":-39.70307540893555},"rotation":{"x":-0.006301424466073513,"y":-0.05038107931613922,"z":0.0003177044854965061,"w":-0.9987132549285889},"size":745.9537963867188,"orthographic":false}